text,label
The tournament format is completely ruined and nobody actually enjoys the new group structures.,Hot-Take
Wow watching Son play brings so much joy to my heart.,Reaction
England is highly overrated and they will definitely get knocked out in the very next round by an underdog.,Hot-Take
Wow watching Kane play brings so much joy to my heart.,Reaction
Analysis of the match tracking data shows that France's defensive line dropped 15 meters deeper after the 60th minute inviting pressure that led to the equalizer.,Analysis
I am completely speechless. How do you miss an open net from three yards out? My weekend is completely ruined.,Reaction
Two goals after that miss is the kind of mentality you expect from a legend; Messi completed 45 forward passes tonight.,Analysis
Missing that absolute sitter in the 89th minute is going to haunt this squad for the rest of the group stage.,Reaction
I can't believe they subbed off their only creative midfielder when we desperately needed a progressive passing outlet.,Reaction
Modern football academies are turning out generic players; we don't see raw street-football talent at the World Cup anymore.,Hot-Take
Uruguay averages 62% possession but their Expected Goals (xG) is only 0.84 showing a severe lack of penetration in the final third compared to their 2022 campaign.,Analysis
What a boring game literally fell asleep in the first half. Both teams just passing sideways. Unbelievable.,Reaction
My heart is beating so fast right now I don't think I can survive another penalty shootout this week.,Reaction
Ronaldo will get at least 6 goals this WC just from the rest of the team being so dominant.,Hot-Take
European teams are completely washed; a South American or African team is 100% winning it all this year.,Hot-Take
The stadium atmosphere looks absolutely electric! Wish I was there in person to experience this madness! Can't wait for the next game.,Reaction
This Portugal team doesn't have many weaknesses other than Defensive Ariel duels and defending.,Hot-Take
This is officially the worst generation of players Germany has ever produced in their history.,Hot-Take
This is officially the worst generation of players France has ever produced in their history.,Hot-Take
Feels bad that Senegal got put in the same group as France and Norway.,Reaction
I sometimes wonder if Maradona was really that good or if most players were just kinda meh back then compared to todays generations.,Hot-Take
OH MY GOD WHAT A GOAL!!! I CANNOT BELIEVE HE JUST DID THAT!!!,Reaction
Absolutely disgraceful performance from the referee tonight. Ruined what could have been an incredible game. So true honestly.,Reaction
Honestly Modric should be benched for the rest of the tournament if they want any chance of lifting the trophy.,Hot-Take
USA only won because of pure luck they won't win another game this World Cup.,Hot-Take
Asian football has completely overtaken North American football in terms of tactical flexibility and clinical finishing.,Hot-Take
Sweating bullets for the last ten minutes of extra time my nerves are entirely shot.,Reaction
Mbappe doing Mbappe things!,Reaction
Statistical comparison shows Son has covered 11.2 km per game significantly higher than any other forward in this tournament making him vital for their high-press system.,Analysis
Neymar completed 92% of his passes today with 14 of them breaking the defensive line which is historically his highest efficiency in a major tournament.,Analysis
With 5 substitutions allowed managers are altering up to 45% of their tactical shape mid-game turning squad depth into the definitive factor for progression.,Analysis
OH MY GOD WHAT A GOAL!!! I CANNOT BELIEVE HE JUST SCORED THAT!!!,Reaction
Since Mexico just beat South Korea I want to see Ochoa in goal in the next game!,Reaction
By shifting to a double-pivot in the second half England reduced transition turnovers by 40% and successfully shut down the counter-attack.,Analysis
Morocco only won because of pure luck they won't win another game this World Cup.,Hot-Take
I feel bad for the scorer given what an extraordinary goal he scored for nothing.,Reaction
The data indicates that England concedes 70% of their goals from set-pieces a structural flaw that was exploited twice tonight by disciplined corner routines.,Analysis
Iran team is giving a masterclass in composure at the World Cup.,Hot-Take
This game was a snooze fest.,Reaction
Haaland has started this tournament exactly the way Norway needed him to. Two matches four goals and every opponent already looks terrified of giving him even half a chance.,Analysis
Jumping up and down in my living room right now! What a historic win for the underdogs!,Reaction
5 subs and 3 breaks (half time and two quarter times) to make tactical adjustments. Squad is becoming more important than star power.,Analysis
Happy for Cristiano Ronaldo. Day by day the world cup is heating up.,Reaction
Matchday 1 was probably the best in World Cup history. Every match had some kind of story like Raul Jimenez getting his first World Cup goal shortly after his father died.,Reaction
Seeing the legendary veterans tear up during the national anthem gives me absolute goosebumps every single time.,Reaction
Playing a World Cup with 48 teams has diluted the quality so much that the group stage feels unwatchable.,Hot-Take
The data indicates that Morocco concedes 70% of their goals from set-pieces a structural flaw that was exploited twice tonight by disciplined corner routines.,Analysis
Haaland you beast!,Reaction
Austria made it physical and didn't make things easy but Messi's response was incredible.,Hot-Take
Absolute daylight robbery! The VAR check took four minutes just to make the entirely wrong decision anyway.,Reaction
Statistical comparison shows Bellingham has covered 11.2 km per game significantly higher than any other forward in this tournament making him vital for their high-press system.,Analysis
Messi Haaland and Mbappe Going crazy so far.,Reaction
Absolute chaos in the fan zone after that late equalizer! Everyone is completely drenched in spilled drinks.,Reaction
Norway averages 62% possession but their Expected Goals (xG) is only 0.84 showing a severe lack of penetration in the final third compared to their 2022 campaign.,Analysis
This is pure heartbreak for Japan. They fought so hard just to lose it in the final seconds of stoppage time. I'm crying. Unbelievable.,Reaction
Third 0-0 game of the tournament. I almost fell asleep.,Reaction
Can't believe Foden wasn't brought to the World Cup. We could use him right now.,Reaction
YESSSSSS! WE ARE GOING TO THE ROUND OF 32! LET'S GOOOOO!,Reaction
VINI WHAT A GOAL!! VAMOS!,Reaction
Video review metrics prove that teams utilizing a mid-block trigger have intercepted 35% more passes in the central channel this tournament.,Analysis
OH MY DAYS! GOLAZO! Unreal scenes.,Reaction
He looked a yard offside as well!!!,Reaction
Being a cheat should be his legacy. He shouldn't be celebrated.,Hot-Take
Let's be honest England's chances are still scoring off of a set piece.,Hot-Take
High-press tracking shows that the physical toll of a winter tournament has increased second-half muscle injuries by 18% across European squads.,Analysis
The world cup is a lot more fun when you look at it as a CELEBRATION of football around the world.,Hot-Take
What a boring match...,Reaction
Morocco is highly overrated and they will definitely get knocked out in the very next round by an underdog.,Hot-Take
Wow this referee has been awful.,Reaction
Absolutely disgraceful performance from the referee tonight. Ruined what could have been an incredible game.,Reaction
By shifting to a double-pivot in the second half France reduced transition turnovers by 40% and successfully shut down the counter-attack.,Analysis
If Ronaldo doesn't win the Golden Boot the entire tournament is rigged.,Hot-Take
Defending is a dead art in modern football; every single backline in this group stage looks completely clueless.,Hot-Take
International football is honestly way better and higher quality than the Champions League now.,Hot-Take
Throwing my jersey across the room I can't take this level of tactical incompetence from our national coach.,Reaction
Messi has 5 goals in the first two games... Has anyone ever started a world cup tournament this good!?,Analysis
Screaming at the television right now because that was a stone-cold penalty and VAR completely ignored it!,Reaction
Statistical comparison shows Kane has covered 11.2 km per game significantly higher than any other forward in this tournament making him vital for their high-press system.,Analysis
Japan only won because of pure luck they won't win another game this World Cup.,Hot-Take
Hearing the entire stadium sing together during extra time gave me goosebumps all over my arms.,Reaction
Norway is highly overrated and they will definitely get knocked out in the very next round by an underdog.,Hot-Take
Total meltdown in the sports bar right now everyone is throwing their hats in absolute fury.,Reaction
Match tracking data shows that Brazil's defensive line dropped 15 meters deeper after the 60th minute inviting pressure that led to the equalizer.,Analysis
FIFA World Cup 2026 sets new daily attendance record,Analysis
OH MY GOD WHAT A GOAL!!! I CANNOT BELIEVE HE JUST DID THAT!!!,Reaction
The golden generation of Belgian football is completely finished and they won't even qualify for the next tournament.,Hot-Take
Wait till Portugal plays an actual team contender like Colombia. There you will see how solid Portugal really is or not as a team collectively.,Hot-Take
Midfield maestros are completely dead; modern tactics only care about athletic wingers who can run fast in straight lines.,Hot-Take
Hugging absolute strangers in the pub after that final whistle blown what a beautiful game!,Reaction
Honestly Son should be benched for the rest of the tournament if they want any chance of lifting the trophy.,Hot-Take
Honestly Bellingham should be benched for the rest of the tournament if they want any chance of lifting the trophy.,Hot-Take
Professional referees from European leagues are heavily biased against South American physicality in these group matches.,Hot-Take
Tactical breakdown shows how Norway utilized a 4-3-3 low block to completely neutralize the opposing wingers resulting in zero shots on target from inside the box.,Analysis
Heatmap data shows the midfielder spent 68% of the match in the defensive half strictly acting as a structural anchor.,Analysis
Haaland is a beast. Looking forward to the Norway vs France match.,Reaction
Portugal only won because of pure luck they won't win another game this World Cup.,Hot-Take
Any squad relying heavily on old veterans over 34 will crumble during the high-intensity knockout stages.,Hot-Take
Honestly Ronaldo should be benched for the rest of the tournament if they want any chance of lifting the trophy.,Hot-Take
Honestly Messi should be benched for the rest of the tournament if they want any chance of lifting the trophy.,Hot-Take
This is pure heartbreak for Norway. They fought so hard just to lose it in the final seconds of stoppage time. I'm crying.,Reaction
By shifting to a double-pivot in the second half Saudi Arabia reduced transition turnovers by 40% and successfully shut down the counter-attack.,Analysis
This is pure heartbreak for Germany. They fought so hard just to lose it in the final seconds of stoppage time. I'm crying.,Reaction
This Brazil team needs more. They need Neymar. They are playing so dull right now.,Reaction
The stadium atmosphere looks absolutely electric! Wish I was there in person to experience this madness! Can't wait for the next game.,Reaction
Major tournament hosts always get massive hidden favors from the officiating crews during crucial group stage deciders.,Hot-Take
I am utterly devastated by that red card decision it completely ruined our strategy for the second half.,Reaction
Rafael Leao with the 5th goal! Portugal is absolutely cooking with a 78% pass accuracy in the final third.,Analysis
Jumping up and down so intensely that I think I might have actually cracked my living room ceiling.,Reaction
the referee was terrible tbf how can u not see that foul on cancelo before the disallowed uzbekistan goal?,Hot-Take
Goalkeepers have been amazing all tournament. That save right there was one of the best I've seen this year!,Reaction
Concacaf teams will never make it to a World Cup final because their domestic leagues lack elite pressure.,Hot-Take
This was a damn nail biter for a Norwegian fan!,Reaction
Honestly Musiala should be benched for the rest of the tournament if they want any chance of lifting the trophy.,Hot-Take
Brazil is highly overrated and they will definitely get knocked out in the very next round by an underdog.,Hot-Take
This is officially the worst generation of players Italy has ever produced in their history.,Hot-Take
Small football nations only play anti-football now which makes watching the early group stages an absolute chore.,Hot-Take
Winning the opening match is actually a curse because teams get too complacent before facing real group threats.,Hot-Take
Zone 14 entry statistics show that the attacking side successfully penetrated the box 12 times using quick third-man runs.,Analysis
Singing at the top of my lungs along with thousands of fans in the town square right now!,Reaction
Expected goals against (xGA) dropped down to a historic low of 0.21 after they implemented the asymmetrical back-three system.,Analysis
This is pure heartbreak for Brazil. They fought so hard just to lose it in the final seconds of stoppage time. I'm crying. So true honestly.,Reaction
Algeria and Austria are 100% drawing with each other,Hot-Take
This tournament's ball is designed poorly and that is the real reason why world-class strikers are missing sitters.,Hot-Take
Tracking data shows that USA's defensive line dropped 15 meters deeper after the 60th minute inviting pressure that led to the equalizer.,Analysis
Absolute limbs in the stadium seating! I dropped my phone down three rows but I don't even care!,Reaction
Pure absolute genius from our captain to spot that gap in the defensive wall during the free kick!,Reaction
Throwing ice water all over myself because I genuinely cannot process the insanity of that final sequence.,Reaction
Argentina only won because of pure luck they won't win another game this World Cup.,Hot-Take
Mexico only won because of pure luck they won't win another game this World Cup.,Hot-Take
By shifting to a double-pivot in the second half Spain reduced transition turnovers by 40% and successfully shut down the counter-attack.,Analysis
Senegal would have done well in other groups. Hope they still make it through to the round of 32.,Hot-Take
Senegal have been disappointing so far expected more from the real African champions.,Reaction
Messi hat-trick! Still number 1 in my book.,Reaction
The current golden boy of English media is heavily hyped up but would struggle in any other tactical system.,Hot-Take
Norway's attack has pace confidence and a clear focal point.,Analysis
PPDA (Passes Per Defensive Action) metrics show their pressing intensity increased drastically from 14.2 down to 8.1 in the second half.,Analysis
By shifting to a double-pivot in the second half Italy reduced transition turnovers by 40% and successfully shut down the counter-attack.,Analysis
Ronaldo how did you miss that!,Reaction
Statistical comparison shows Saka has covered 11.2 km per game significantly higher than any other forward in this tournament making him vital for their high-press system.,Analysis
South American qualification matches are ten times harder to play than the actual tournament group stage games.,Hot-Take
Some people just don't understand what a defensive mentality low block gameplan is and it shows.,Reaction
40 Years ago. June 22 1986. Argentina beat England 2-1 in the Quarterfinals of the 1986 FIFA World Cup thanks to Diego Maradona's Hand of God and The Goal of the Century,Analysis
Tactical breakdown shows how Japan utilized a 4-3-3 low block to completely neutralize the opposing wingers resulting in zero shots on target from inside the box.,Analysis
Olise might be the best player on the field right now.,Reaction
European clubs are sabotaging national teams by overworking key players right before the international break.,Hot-Take
Statistical comparison shows Musiala has covered 11.2 km per game significantly higher than any other forward in this tournament making him vital for their high-press system.,Analysis
After their amazing run in 2018 Belgium has been declining now i think this is the worst performance i've seen for Belgium since 2018 Is this the end for Belgium?,Hot-Take
OH MY GOD WHAT A GOAL!!! I CANNOT BELIEVE HE JUST DID THAT!!!,Reaction
There's no doubt of Messi's status as GOAT. WOW!,Reaction
Lionel Messi scores against Austria to overtake Klose and become the highest goal scorer in WC history.,Analysis
Mbappe... what a goal!,Reaction
Strict modern nutritional plans have completely drained the natural flare and character out of modern international athletes.,Hot-Take
Absolutely disgraceful performance from the referee tonight. Ruined what could have been an incredible game.,Reaction
By shifting to a double-pivot in the second half USA reduced transition turnovers by 40% and successfully shut down the counter-attack.,Analysis
Wingbacks are obsolete now; every elite team should be playing with inverted central defenders instead.,Hot-Take
The current generation of footballers care way more about social media interactions than winning international trophies.,Hot-Take
Video Assistant Referees have completely stripped away the spontaneous joy of celebrating a goal in real time.,Hot-Take
Australia only won because of pure luck they won't win another game this World Cup.,Hot-Take
The expansion of the tournament layout was purely driven by commercial greed rather than developing global talent.,Hot-Take
We have to make it at least to the Round of 16 if we keep playing like this.,Reaction
Watching Ronaldo play these days is just sad.,Reaction
Japan averages 62% possession but their Expected Goals (xG) is only 0.84 showing a severe lack of penetration in the final third compared to their 2022 campaign.,Analysis
Underdog victories are entirely due to top nations suffering from jet lag and poor training camp choices.,Hot-Take
Wow watching Son play brings so much joy to my heart.,Reaction
By shifting to a double-pivot in the second half Brazil reduced transition turnovers by 40% and successfully shut down the counter-attack.,Analysis
Defensive recovery data shows the left-back clocked a top speed of 34.5 km/h to prevent the counter-attacking threat.,Analysis
Honestly Messi should be benched for the rest of the tournament if they want any chance of lifting the trophy.,Hot-Take
Group stage scorelines don't mean anything because elite squads intentionally hide their tactical identity early on.,Hot-Take
Natural grass pitches in these selected stadium locations are prepared poorly and destroying beautiful passing patterns.,Hot-Take
Tactical breakdown shows how Uruguay utilized a 4-3-3 low block to completely neutralize the opposing wingers resulting in zero shots on target from inside the box.,Analysis
It shouldn't have come to that because the game shouldn't have continued.,Reaction
The data indicates that Ghana concedes 70% of their goals from set-pieces a structural flaw that was exploited twice tonight by disciplined corner routines.,Analysis
Penalty shootouts are completely unfair way to settle a match and should be replaced with corner counts.,Hot-Take
Bellingham completed 92% of his passes today with 14 of them breaking the defensive line which is historically his highest efficiency in a major tournament.,Analysis
OH MY GOD WHAT A GOAL!!! I CANNOT BELIEVE HE JUST DID THAT!!!,Reaction
Tactical breakdown shows how Brazil utilized a 4-3-3 low block to completely neutralize the opposing wingers resulting in zero shots on target from inside the box.,Analysis
Why can't this team make a single forward pass thats accurate man.,Reaction
Very frustrating to concede a goal like that.,Reaction
GET SAKA ON THE PITCH,Reaction
Statistical comparison shows Vinicius Jr has covered 11.2 km per game significantly higher than any other forward in this tournament making him vital for their high-press system.,Analysis
Wow! Saka is on the bench again!?,Reaction
By shifting to a double-pivot in the second half Norway reduced transition turnovers by 40% and successfully shut down the counter-attack.,Analysis
I'm not a neutral fan but the Netherlands has a good team and of course can knock out Brazil.,Hot-Take
Cristiano Ronaldo is winning the World Cup!!! Let's go!!!,Reaction
This is officially the worst generation of players Ghana has ever produced in their history.,Hot-Take
European teams are completely washed; a South American or African team is 100% winning it all this year.,Hot-Take
Ghana only won because of pure luck they won't win another game this World Cup.,Hot-Take
Absolutely disgraceful performance from the referee tonight. Ruined what could have been an incredible game. Can't wait for the next game.,Reaction
Curucao got their first World Cup goal against 4 times winners Germany.,Reaction
I really enjoy watching Norway play. Great teamwork like watching a group of old friends playing and happy for one another.,Reaction
Mexico only won because of pure luck they won't win another game this World Cup.,Hot-Take
Ticket prices are highly inflated and pricing out real passionate football fanatics from the matches.,Hot-Take
This Portugal team doesn't have many weaknesses other than Defensive Ariel duels and RB defending.,Hot-Take
Brazil is more talented than Morocco but Morocco plays better as a team you saw the 1st half vs 2nd half (team vs talent).,Hot-Take
By shifting to a double-pivot in the second half Brazil reduced transition turnovers by 40% and successfully shut down the counter-attack.,Analysis
The heavy tournament schedule means that the final match will feature two completely exhausted teams playing terrible football.,Hot-Take
Wow watching Bellingham play makes me want to go to bed.,Reaction
With 5 substitutions allowed managers are altering up to 45% of their tactical shape mid-game turning squad depth into the definitive factor for progression.,Analysis
Gianni Infantino has 'sold out' the World Cup.,Hot-Take
International football is honestly way better and higher quality than the Champions League now.,Hot-Take
OH MY GOD WHAT A GOAL!!! I CANNOT BELIEVE HE JUST DID THAT!!!,Reaction
Mexico only won because of pure luck they won't win another game this World Cup.,Hot-Take
This is pure heartbreak for Canada. They fought so hard just to lose it in the final seconds of stoppage time. I'm crying.,Reaction
The Cape Verde GK Vozinha having a masterclass vs the reigning European Champions stopping 8 shots on target while Qatar getting their first ever World Cup point vs Switzerland with a 1-1 tactical deadlock.,Analysis
Tactical breakdown shows how England utilized a 4-3-3 low block to completely neutralize the opposing wingers resulting in zero shots on target from inside the box.,Analysis
This is pure heartbreak for France. They fought so hard just to lose it in the final seconds of stoppage time. I'm crying.,Reaction
Uruguay averages 62% possession but their Expected Goals (xG) is only 0.84 showing a severe lack of penetration in the final third compared to their 2022 campaign.,Analysis
High-altitude stadium conditions are entirely responsible for the surprising number of long-range goals scored.,Hot-Take
European teams are completely washed; a South American or African team is 100% winning it all this year. Unreal scenes.,Hot-Take
Absolutely disgraceful performance from the referee tonight. Ruined what could have been an incredible game.,Reaction
With 5 substitutions allowed managers are altering up to 45% of their tactical shape mid-game turning squad depth into the definitive factor for progression.,Analysis
